APARTMENT NAME/COMPANY NAME,POINT OF CONTACT NAME,PHONE NUMBER - ,EMAIL ADDRESS,ROLE,PHONE NUMBER DECISION MAKER,LOCATION,HUBSPOT STATUS,COMMENTS
Acremann Properties Limited,,254720059223,,,,"Langata Rd, Nairobi",,Was unable to connect with anyone from the company.
"Akiba Estate apartments, Langata Nairobi",,714863545,,,,,,Wrong number is not from KMA estates.
AlphaShine Real Estate Limited,,0790 926 991,info@alphashine.co.ke,,,Eden Plaza Building,,Was unable to connect with anyone from the company.
Arcpost Properties and Consultants,,254708707798,,,,,,Was unable to connect with anyone from the company.
Ariquest Property Limited,,254723304140,,,,,,Was unable to connect with anyone from the company.
Bahamas Property Managers,,111775478,info@bahamaspropertymanagers.co.ke,,,"Santa Plaza, Office Suite A5",,"They currently have a property management software . Upon further inquiry about the property management software, she hang up."
BKM Property Managers Ltd,,254113120000,mark@bkm.co.ke,,,,,"Mark says they have a system, declined to mention the name. Shared our proposal with Mark."
Blue Falcon ,,254798303812,info@bluefalconreal.com,,,"Karen Road, Golden Ivy Plaza",,"Already have a property management software that is working well for them, shared our proposal on Whatsapp."
BomaCore Property Services,,254740152971,bomacorepropertyservices@gmail.com,,,"Tana House, Karen",,"Currently satisfied using QuickBooks for their property operations. Although they have no immediate plans to switch, they have retained our information for future consideration. We have positioned Nyumba Zetu as the logical 'next step' for when their specialized reporting needs exceed QuickBooks' capabilities"
Carlton Realtors,,254113656597,info@carltonrealtors.com,,,,,"I spoke with Sharon, who shared that during their search for a property management software, they were unfortunately unable to receive timely assistance from our team. They have since onboarded another solution and are currently in a binding agreement with their provider. While she expressed a strong preference for our platform and noted that she considers us the best option, they are unable to make a transition at this time. I have shared my contact details with her should their needs change or if they consider switching in the future."
Chazmaz Solutions Limited,,254775803588,,,,,,Was unable to connect with anyone from the company.
Continum Consult,,254731091120,Info@continumconsult.com,,,"165, NGONG ROAD KAREN",,Was unable to connect with anyone from the company.
Crestmont Properties,,254722273302,,,,,,Not interested.
Desert Rose Management,,0722 232858,desertrose@drmco.co.ke /accounts@brlco.co.ke,,,,,Currently are using Bomahut and are quite satisfied with the services. Shared our proposal with them in the event they would think of switching.
Enkavilla Properties Ltd,, 0788 60 60 60,info@enkavilla.co.ke,,,"1st Floor Ndege Rd, Nairobi",,Was unable to connect with anyone from the company.
Epco Village 1 Langata (Condo),,254723 444245,,,,,,Does not do property management.
Freedom Heights Residences ,,720 111 117,info@laser.or.ke,,,"Langata Rd, Nairobi",,Was unable to connect with anyone from the company.
Gamepark Apartments,,723724351,,,,"Langata Rd, Nairobi",,Was unable to connect with anyone from the company.
Gardenia Hostels,,714981794,,,,,,Was unable to connect with anyone from the company.
Gargamel Agencies,,254722371399,,,,,,Was unable to connect with anyone from the company.
Hillgate Properties and Real Estate,,0713 383441,,,,,,Already have a property management software. Would not disclose what software they are currently using. She says she would save the contact if they were ever in the market for another software.
Jamhuri Heights Apartments,Samim,0783 000333,,,,St Mary's Mission Hospital,,Samim is new and does not know about the systems in place. She advised me to call tomorrow and speak to her boss who would be better suited to respond and know their current needs and pain points. 
JB Property and Management Company,,254789715560/0705266609,jb.property07@gmail.com,,,,,Was unable to connect with anyone from the company.
Karen Link Properties Limited,,0706 521645,,,,"Ngong Road, Nairobi",,Was unable to connect with anyone from the company.
Karengata Property Managers,Renie ,254715143126 / 254735099932/ 254790498471,karengataproperty@gmail.com,,,Lower Plains rd,,"Not a convenient time to speak, requested that I share the proposal with her."
"Kma Estate, Langata Area Langata Nairobi",,729815403,,,,St Mary's Mission Hospital,,Wrong number is not from KMA estates.
La Casa Luxury Apartments Nairobi,,254726 233220,info@mikoohexquisite.co.ke,,,,,Already have a solution that is working perfectly for them. Are not looking to switch between solutions anytime soon. Proposed that I share the proposal on Whatsapp.
Langata link Real Estate,,721 556031,realestate@langatalink.com,,,"Langata Link Complex, Karen Nairobi",,"Was not able to speak on Propert management and requested that I write an email to Suzy, who is in the property management department. I have shared a proposal with Suzy."
Langata Paradise Apartments,,720511301,,,,"Langata Rd, Nairobi",,Was unable to connect with anyone from the company.
Langata Paradise Apartments,,254 (20) 3740092 / 254 (20) 3748822/ 254 (20) 3751158,langataparadise@gmail.com / info@langataparadise.com,,,,,Shared another phone number to call.
Langata View Apartments,,020 2634072,,,,"Langata Rd, Nairobi",,Was unable to connect with anyone from the company.
Laser Property Services,,0720 111 117 / 0788 111 117,info@laser.or.ke,,,,,Was unable to connect with anyone from the company.
Lavendar Properties,,0725 969 246 | 0115898076,info@lavenderproperties.co.ke,,,,,"Currently have a property management software, but shared the email of her superior for us to share the proposal."
Loam Home Realtors,,254748854467,,,,,,Was unable to connect with anyone from the company.
Mapema Properties,,254722854439,,,,,,Was unable to connect with anyone from the company.
MCPM Suites,,254729 636061,,,,,,Was unable to connect with anyone from the company.
New Point Properties,,254728444466,info@newpointproperties.co.ke ,,,"Africa Reit Building, Karen",,Spoke to Christine who is not in the property management depertment and she suggested taking our contact details for the property management team to reach out to me. Reached out to her again and she shared that the team said they do have a software they are using and are currently not interested in making a switch.
Ngurumaini Holdings Ltd,,254202101294,,,,Off-Magadi Road,,Was unable to connect with anyone from the company.
NyaraVille Apartments,,0719 399998,,,,"Langata Rd, Nairobi",,Was unable to connect with anyone from the company.
Pendeza Homes ,,254795770401,,,,,,Bad timing. Call back later.
Peponi & Co.,,254 716 164 410,info@peponirealestate.com,,,"Kofisi, Karen",,"Requested to be called back, was not available to speak at the time."
Point Properties Limited,Bernard,254 735 608 166/ 254705881652,pointproperties@gmail.com/ bernard@pointproperties.org,,,,,"Spoke to Bernard who was interested in a software. He requested sharing the pricing and proposal. That was shared, upon further inquiry, Bernard requested to be called back o Friday 24th February 2026"
Prime Property Kenya,,254100209332,office@primepropertykenya.com,,,Marula Lane,,Was unable to connect with anyone from the company.
Prince Capital Properties,,0722 533620,prince.capitalkenya@gmail.com,,,"Langata, Nairobi, ",,Was unable to connect with anyone from the company.
Prince Capital Properties,,254722533620,info@princecapital.co.ke,,,"Dodi Business Park, Nandi Road",,Was unable to connect with anyone from the company.
Principal Property Agents,,254722777421,,,,,,Was unable to connect with anyone from the company.
Propensity Properties and Consultants,,722 718 579,info@propensityproperties.co.ke,,,"Langata Rd, Nairobi",,Was unable to connect with anyone from the company.
Radian Real Estate Co.,,716203040,info@radianrealestate.com,,,Karen Boyani Road,,Was unable to connect with anyone from the company.
Real Management,,254722341111/ 254738400400,info@real.co.ke,,,,,"Currently have a property management software, but shared the email of her superior for us to share the proposal."
Restoco Limited,,25412251108,info@restoco.co.ke,,,Karen Proffessional Center,,Contact expressed no current interest in adopting a Property Management System
Sapama Technologies,,722 906 835,care@sapama.com,,,"Ndege Road, Nairobi",,Was unable to connect with anyone from the company.
Serene Valley Apartments & Spa,,254728 606726,,,,"31 Kiambere Rd, Nairobi",,Requested to call me back in a few.
SouthFront Properties,,254727404414,info@southfront.co.ke,,,"Zamari Business Park, Karen",,Was unable to connect with anyone from the company.
Standard Property Holdings Limited,,254799087717/ 25422312219,info@standard-property.com,,,The sultan Building,,Was unable to connect with anyone from the company.
Standard Property Holdings LTD,,254799 087717,info@standard-property.com,,,,,Was unable to connect with anyone from the company.
Traca Management Service,,254708103127,,,,,,Do have a property management software in place. John requested that we share our proposal as they were impressed with what we offer. I shared our proposal and will reach back out after a week to inquire on progress.
Vensam Property Kenya,,254722473703,vensaminvestmentlimited@gmail.com,,,"Mytown Mall, Langata",,Jesse notes that they are currently not doing property management but in the event they pick up property management in the future they I have shared our proposal for their perusal.
Westend Realtors,,254712111049,,,,City Estate,,Bad timing. Call back later.
Zarina Properties Kenya,,254748353126,,,,,,They currently have a property management software that is working well for them. Currently do not have any challenges or expectations that are not being met. Shared our proposal for their perusal and consideration in the event that they are open to another system.
,,,,,,,,
Adana Pods,,112077544,,,,,,
Elite Hostels,,707213055,,,,,,
Karen Gardens Hostels,,254741 445566,karengardens5@gmail.com,,,,,